{"0": {"accuracy": 0.9625, "precision": 0.96266167734513, "recall": 0.9625, "f1": 0.9624286367790396, "train_time": 3441.4974064826965, "pred_time": 38.117884159088135}, "1": {"accuracy": 0.9535, "precision": 0.9540457683721325, "recall": 0.9535, "f1": 0.9532937872175165, "train_time": 5751.44001865387, "pred_time": 84.89832353591919}, "2": {"accuracy": 0.956, "precision": 0.9562418344189597, "recall": 0.9559999999999998, "f1": 0.9558767632120991, "train_time": 13487.089280128479, "pred_time": 115.67635130882263}}